D,N,K,L,Grafo Original,Conectividade Algebrica,Aresta Efb1,G + Efb1,Aresta Efb2,G + Efb2,Arestas Efb*,G + Efb*,Aresta Ehp1,G + Ehp1,Aresta Ehp2,G + Ehp2,Aresta Ehe1,G + Ehe1,Aresta Ehe2,G + Ehe2,Melhor Heur√≠stica
3,4,1,1,"T(4, 3, 1)",0.585786437627,"(1, 4)",2.0,"(1, 3)",1.9999999999999998,"[(1, 3), (1, 4)]",2.0,"(1, 4)",2.0,"(2, 4)",2.0,"(1, 3)",1.0,Grafo nao suportado,Grafo nao suportado,NA
3,5,1,2,"T(5, 3, 1)",0.518805695908,"(1, 3)",1.0,"(1, 4)",1.0000000000000002,"[(1, 4), (1, 5)]",2.0,"(1, 4)",0.829913513374,"(1, 5)",2.0,"(1, 3)",1.0,Grafo nao suportado,Grafo nao suportado,NA
3,6,1,3,"T(6, 3, 1)",0.485863070665,"(1, 3)",1.0,"(1, 4)",1.0,"[(1, 3), (1, 4)]",1.0,"(1, 4)",0.7639320225,"(1, 5)",0.913869802349,"(1, 3)",1.0,Grafo nao suportado,Grafo nao suportado,NA
3,6,2,2,"T(6, 3, 2)",0.438447187191,"(1, 5)",0.657076917223,"(2, 6)",1.0,"[(1, 4), (2, 4)]",1.0,"(1, 5)",0.657076917223,"(2, 6)",1.0,"(1, 4)",0.631350628113,"(2, 4)",1.0,IGUAIS
3,7,1,4,"T(7, 3, 1)",0.465929803277,"(1, 3)",1.0,"(1, 4)",1.0000000000000002,"[(1, 3), (1, 4)]",1.0,"(1, 4)",0.726927136932,"(1, 5)",0.86736250642,"(1, 3)",1.0,Grafo nao suportado,Grafo nao suportado,NA
3,7,2,3,"T(7, 3, 2)",0.398320868117,"(1, 4)",0.596146870568,"(2, 4)",0.99999999999999989,"[(1, 4), (2, 4)]",1.0,"(1, 5)",0.585786437627,"(2, 6)",0.84579349264,"(1, 4)",0.596146870568,"(2, 4)",1.0,HE
3,8,1,5,"T(8, 3, 1)",0.452493386835,"(1, 3)",1.0,"(1, 4)",0.99999999999999978,"[(1, 3), (1, 4)]",1.0,"(1, 4)",0.702929455637,"(1, 5)",0.837722339832,"(1, 3)",1.0,Grafo nao suportado,Grafo nao suportado,NA
3,8,2,4,"T(8, 3, 2)",0.373801931473,"(1, 4)",0.573770365336,"(2, 4)",0.99999999999999978,"[(1, 4), (2, 4)]",1.0,"(1, 5)",0.544865987479,"(2, 6)",0.771532756025,"(1, 4)",0.573770365336,"(2, 4)",1.0,HE
3,8,3,3,"T(8, 3, 3)",0.354248688935,"(1, 6)",0.51071142819,"(2, 7)",0.7075984147753791,"[(1, 6), (2, 7)]",0.707598414775,"(1, 6)",0.51071142819,"(2, 7)",0.707598414775,"(1, 5)",0.506942505128,"(2, 5)",0.669213049495,HP
3,9,1,6,"T(9, 3, 1)",0.442798083457,"(1, 3)",1.0,"(1, 4)",0.99999999999999911,"[(1, 3), (1, 4)]",1.0,"(1, 4)",0.686017054597,"(1, 5)",0.817042865588,"(1, 3)",1.0,Grafo nao suportado,Grafo nao suportado,NA
3,9,2,5,"T(9, 3, 2)",0.357159787489,"(1, 4)",0.55817444466,"(2, 4)",0.99999999999999956,"[(1, 4), (2, 4)]",1.0,"(1, 5)",0.517959538127,"(2, 6)",0.725977786783,"(1, 4)",0.55817444466,"(2, 4)",1.0,HE
3,9,3,4,"T(9, 3, 3)",0.327176298999,"(1, 5)",0.479073317752,"(2, 5)",0.64651968292800011,"[(1, 5), (2, 5)]",0.646519682928,"(1, 6)",0.46721509682,"(2, 7)",0.636832420453,"(1, 5)",0.479073317752,"(2, 5)",0.646519682928,HE
3,10,1,7,"T(10, 3, 1)",0.435462796004,"(1, 3)",1.0,"(1, 4)",1.0000000000000002,"[(1, 3), (1, 4)]",1.0,"(1, 4)",0.673423486687,"(1, 5)",0.801745470058,"(1, 3)",1.0,Grafo nao suportado,Grafo nao suportado,NA
3,10,2,6,"T(10, 3, 2)",0.345089183536,"(1, 4)",0.546643042324,"(2, 4)",0.99999999999999878,"[(1, 4), (2, 4)]",1.0,"(1, 5)",0.498816440958,"(2, 6)",0.694773355494,"(1, 4)",0.546643042324,"(2, 4)",1.0,HE
3,10,3,5,"T(10, 3, 3)",0.308732223195,"(1, 5)",0.459554092466,"(2, 5)",0.63025617419522861,"[(1, 5), (2, 5)]",0.630256174195,"(1, 6)",0.438447187191,"(2, 7)",0.592389218889,"(1, 5)",0.459554092466,"(2, 5)",0.630256174195,HE
3,10,4,4,"T(10, 3, 4)",0.298437881284,"(1, 6)",0.427590535189,"(2, 6)",0.55571364215411678,"[(1, 7), (2, 8)]",0.566335370217,"(1, 7)",0.421979366697,"(2, 8)",0.566335370217,"(1, 6)",0.427590535189,"(2, 6)",0.555713642154,HP
3,11,1,8,"T(11, 3, 1)",0.42971503634,"(1, 3)",1.0,"(1, 4)",0.99999999999999978,"[(1, 3), (1, 4)]",1.0,"(1, 4)",0.66366803913,"(1, 5)",0.789950630232,"(1, 3)",1.0,Grafo nao suportado,Grafo nao suportado,NA
3,11,2,7,"T(11, 3, 2)",0.335920113121,"(1, 4)",0.537754214736,"(2, 4)",0.999999999999999,"[(1, 4), (2, 4)]",1.0,"(1, 5)",0.48446167391,"(2, 6)",0.671929626413,"(1, 4)",0.537754214736,"(2, 4)",1.0,HE
3,11,3,6,"T(11, 3, 3)",0.295317162926,"(1, 5)",0.445066101846,"(2, 5)",0.61797655234979465,"[(1, 5), (2, 5)]",0.61797655235,"(1, 6)",0.417895033291,"(2, 7)",0.561539741681,"(1, 5)",0.445066101846,"(2, 5)",0.61797655235,HE
3,11,4,5,"T(11, 3, 4)",0.278811442566,"(1, 6)",0.405796276623,"(2, 6)",0.53506155324559923,"[(1, 6), (2, 6)]",0.535061553246,"(1, 7)",0.391956157989,"(2, 8)",0.521635511682,"(1, 6)",0.405796276623,"(2, 6)",0.535061553246,HE
3,12,1,9,"T(12, 3, 1)",0.425087646131,"(1, 3)",1.0,"(1, 4)",0.99999999999999978,"[(1, 3), (1, 4)]",1.0,"(1, 4)",0.655881922663,"(1, 5)",0.780569405272,"(1, 3)",1.0,Grafo nao suportado,Grafo nao suportado,NA
3,12,2,8,"T(12, 3, 2)",0.328712381523,"(1, 4)",0.530685438246,"(2, 4)",0.99999999999999878,"[(1, 4), (2, 4)]",1.0,"(1, 5)",0.473281587236,"(2, 6)",0.654430900034,"(1, 4)",0.530685438246,"(2, 4)",1.0,HE
3,12,3,7,"T(12, 3, 3)",0.285104564413,"(1, 5)",0.433863344359,"(2, 5)",0.60835443238205944,"[(1, 5), (2, 5)]",0.608354432382,"(1, 6)",0.402435718236,"(2, 7)",0.538757388148,"(1, 5)",0.433863344359,"(2, 5)",0.608354432382,HE
3,12,4,6,"T(12, 3, 4)",0.264510501784,"(1, 6)",0.389583039803,"(2, 6)",0.51942598669490236,"[(1, 6), (2, 6)]",0.519425986695,"(1, 7)",0.37045356371,"(2, 8)",0.490429086282,"(1, 6)",0.389583039803,"(2, 6)",0.519425986695,HE
3,12,5,5,"T(12, 3, 5)",0.258342613226,"(1, 7)",0.37112433071,"(2, 7)",0.48033694261491566,"[(1, 7), (2, 7)]",0.480336942615,"(1, 8)",0.361026295562,"(2, 9)",0.476523728519,"(1, 7)",0.37112433071,"(2, 7)",0.480336942615,HE
3,13,1,10,"T(13, 3, 1)",0.421281009621,"(1, 3)",1.0,"(1, 4)",0.99999999999999878,"[(1, 3), (1, 4)]",1.0,"(1, 4)",0.649520086521,"(1, 5)",0.772924778245,"(1, 3)",1.0,Grafo nao suportado,Grafo nao suportado,NA
3,13,2,9,"T(13, 3, 2)",0.322894362861,"(1, 4)",0.52492578318,"(2, 4)",0.99999999999999878,"[(1, 4), (2, 4)]",1.0,"(1, 5)",0.464319754215,"(2, 6)",0.640573687803,"(1, 4)",0.52492578318,"(2, 4)",1.0,HE
3,13,3,8,"T(13, 3, 3)",0.277062467628,"(1, 5)",0.424931479376,"(2, 5)",0.60060068252056886,"[(1, 5), (2, 5)]",0.600600682521,"(1, 6)",0.390366013744,"(2, 7)",0.521195635886,"(1, 5)",0.424931479376,"(2, 5)",0.600600682521,HE
3,13,4,7,"T(13, 3, 4)",0.25360808311,"(1, 6)",0.377023320568,"(2, 6)",0.50714611751341243,"[(1, 6), (2, 6)]",0.507146117513,"(1, 7)",0.354248688935,"(2, 8)",0.467292221125,"(1, 6)",0.377023320568,"(2, 6)",0.507146117513,HE
3,13,5,6,"T(13, 3, 5)",0.243408691974,"(1, 7)",0.353746117126,"(2, 7)",0.46269134252302108,"[(1, 7), (2, 7)]",0.462691342523,"(1, 8)",0.338836469923,"(2, 9)",0.444921757186,"(1, 7)",0.353746117126,"(2, 7)",0.462691342523,HE
3,14,1,11,"T(14, 3, 1)",0.418093910487,"(1, 3)",1.0,"(1, 4)",0.99999999999999922,"[(1, 3), (1, 4)]",1.0,"(1, 4)",0.64422258355,"(1, 5)",0.766572679215,"(1, 3)",1.0,Grafo nao suportado,Grafo nao suportado,NA
3,14,2,10,"T(14, 3, 2)",0.318097801404,"(1, 4)",0.520140296877,"(2, 4)",0.99999999999999911,"[(1, 4), (2, 4)]",1.0,"(1, 5)",0.45697129315,"(2, 6)",0.629316279724,"(1, 4)",0.520140296877,"(2, 4)",1.0,HE
3,14,3,9,"T(14, 3, 3)",0.270561633488,"(1, 5)",0.417638050434,"(2, 5)",0.59421368919550976,"[(1, 5), (2, 5)]",0.594213689196,"(1, 6)",0.380672037283,"(2, 7)",0.507222033918,"(1, 5)",0.417638050434,"(2, 5)",0.594213689196,HE
3,14,4,8,"T(14, 3, 4)",0.24501300856,"(1, 6)",0.366994459108,"(2, 6)",0.4972313694802416,"[(1, 6), (2, 6)]",0.49723136948,"(1, 7)",0.34157801426,"(2, 8)",0.449405329324,"(1, 6)",0.366994459108,"(2, 6)",0.49723136948,HE
3,14,5,7,"T(14, 3, 5)",0.23201228173,"(1, 7)",0.340267228004,"(2, 7)",0.44881297249389851,"[(1, 7), (2, 7)]",0.448812972494,"(1, 8)",0.322091920928,"(2, 9)",0.421435636653,"(1, 7)",0.340267228004,"(2, 7)",0.448812972494,HE
3,14,6,6,"T(14, 3, 6)",0.227998127341,"(1, 8)",0.32846093102,"(2, 8)",0.42478044959170669,"[(1, 8), (2, 8)]",0.424780449592,"(1, 9)",0.316125148792,"(2, 10)",0.412968520635,"(1, 8)",0.32846093102,"(2, 8)",0.424780449592,HE
3,15,1,12,"T(15, 3, 1)",0.415386101918,"(1, 3)",1.0,"(1, 4)",0.99999999999999911,"[(1, 3), (1, 4)]",1.0,"(1, 4)",0.639741828184,"(1, 5)",0.76120927072,"(1, 3)",1.0,Grafo nao suportado,Grafo nao suportado,NA
3,15,2,11,"T(15, 3, 2)",0.314074447696,"(1, 4)",0.516099878495,"(2, 4)",0.999999999999999,"[(1, 4), (2, 4)]",1.0,"(1, 5)",0.450834105633,"(2, 6)",0.619983181885,"(1, 4)",0.516099878495,"(2, 4)",1.0,HE
3,15,3,10,"T(15, 3, 3)",0.265195706198,"(1, 5)",0.411567070148,"(2, 5)",0.58885821741337119,"[(1, 5), (2, 5)]",0.588858217413,"(1, 6)",0.37271032664,"(2, 7)",0.495827321978,"(1, 5)",0.411567070148,"(2, 5)",0.588858217413,HE
3,15,4,9,"T(15, 3, 4)",0.238058681541,"(1, 6)",0.358794901739,"(2, 6)",0.48905058510337768,"[(1, 6), (2, 6)]",0.489050585103,"(1, 7)",0.331389048824,"(2, 8)",0.435141008502,"(1, 6)",0.358794901739,"(2, 6)",0.489050585103,HE
3,15,5,8,"T(15, 3, 5)",0.223020504917,"(1, 7)",0.329493394902,"(2, 7)",0.43759397543487855,"[(1, 7), (2, 7)]",0.437593975435,"(1, 8)",0.308985806948,"(2, 9)",0.403246342695,"(1, 7)",0.329493394902,"(2, 7)",0.437593975435,HE
3,15,6,7,"T(15, 3, 6)",0.216229119851,"(1, 8)",0.314310742322,"(2, 8)",0.40979857354547672,"[(1, 8), (2, 8)]",0.409798573545,"(1, 9)",0.298970669067,"(2, 10)",0.389182401509,"(1, 8)",0.314310742322,"(2, 8)",0.409798573545,HE
3,16,1,13,"T(16, 3, 1)",0.413056790346,"(1, 3)",1.0,"(1, 4)",0.99999999999999944,"[(1, 3), (1, 4)]",1.0,"(1, 4)",0.63590177377,"(1, 5)",0.756619420516,"(1, 3)",1.0,Grafo nao suportado,Grafo nao suportado,NA
3,16,2,12,"T(16, 3, 2)",0.310650711767,"(1, 4)",0.512642349968,"(2, 4)",0.99999999999999911,"[(1, 4), (2, 4)]",1.0,"(1, 5)",0.445630086319,"(2, 6)",0.612116027506,"(1, 4)",0.512642349968,"(2, 4)",1.0,HE
3,16,3,11,"T(16, 3, 3)",0.260690187721,"(1, 5)",0.406433190096,"(2, 5)",0.58430119915308687,"[(1, 5), (2, 5)]",0.584301199153,"(1, 6)",0.366051895128,"(2, 7)",0.486351554497,"(1, 5)",0.406433190096,"(2, 5)",0.584301199153,HE
3,16,4,10,"T(16, 3, 4)",0.232313943886,"(1, 6)",0.351962318977,"(2, 6)",0.48218102519202044,"[(1, 6), (2, 6)]",0.482181025192,"(1, 7)",0.323012416359,"(2, 8)",0.423488301029,"(1, 6)",0.351962318977,"(2, 6)",0.482181025192,HE
3,16,5,9,"T(16, 3, 5)",0.215740371004,"(1, 7)",0.320677182451,"(2, 7)",0.42832738228791739,"[(1, 7), (2, 7)]",0.428327382288,"(1, 8)",0.298437881284,"(2, 9)",0.388720658461,"(1, 7)",0.320677182451,"(2, 7)",0.428327382288,HE
3,16,6,8,"T(16, 3, 6)",0.206937732212,"(1, 8)",0.302991845755,"(2, 8)",0.39767712066687366,"[(1, 8), (2, 8)]",0.397677120667,"(1, 9)",0.285533516075,"(2, 10)",0.370738038399,"(1, 8)",0.302991845755,"(2, 8)",0.397677120667,HE
3,16,7,7,"T(16, 3, 7)",0.204168476687,"(1, 9)",0.294919538354,"(2, 9)",0.3815710166194532,"[(1, 9), (2, 9)]",0.381571016619,"(1, 10)",0.281493681744,"(2, 11)",0.365143961961,"(1, 9)",0.294919538354,"(2, 9)",0.381571016619,HE
3,17,1,14,"T(17, 3, 1)",0.411031647269,"(1, 3)",1.0,"(1, 4)",0.99999999999999933,"[(1, 3), (1, 4)]",1.0,"(1, 4)",0.632573735271,"(1, 5)",0.752646416874,"(1, 3)",1.0,Grafo nao suportado,Grafo nao suportado,NA
3,17,2,13,"T(17, 3, 2)",0.307701485993,"(1, 4)",0.509649592613,"(2, 4)",0.99999999999999856,"[(1, 4), (2, 4)]",1.0,"(1, 5)",0.441160560151,"(2, 6)",0.605392273255,"(1, 4)",0.509649592613,"(2, 4)",1.0,HE
3,17,3,12,"T(17, 3, 3)",0.256852793718,"(1, 5)",0.402033900766,"(2, 5)",0.5803753168666671,"[(1, 5), (2, 5)]",0.580375316867,"(1, 6)",0.360399312538,"(2, 7)",0.47834393773,"(1, 5)",0.402033900766,"(2, 5)",0.580375316867,HE
3,17,4,11,"T(17, 3, 4)",0.227487153731,"(1, 6)",0.346179035331,"(2, 6)",0.47632819253708741,"[(1, 6), (2, 6)]",0.476328192537,"(1, 7)",0.316001066832,"(2, 8)",0.413783678688,"(1, 6)",0.346179035331,"(2, 6)",0.476328192537,HE
3,17,5,10,"T(17, 3, 5)",0.209723150289,"(1, 7)",0.313325374418,"(2, 7)",0.42053901096548363,"[(1, 7), (2, 7)]",0.420539010965,"(1, 8)",0.289760122984,"(2, 9)",0.376841119686,"(1, 7)",0.313325374418,"(2, 7)",0.420539010965,HE
3,17,6,9,"T(17, 3, 6)",0.199411265675,"(1, 8)",0.293723774923,"(2, 8)",0.38765775245238643,"[(1, 8), (2, 8)]",0.387657752452,"(1, 9)",0.274712491998,"(2, 10)",0.355994390456,"(1, 8)",0.293723774923,"(2, 8)",0.387657752452,HE
3,17,7,8,"T(17, 3, 7)",0.194642340958,"(1, 9)",0.283182307965,"(2, 9)",0.36877929439838436,"[(1, 9), (2, 9)]",0.368779294398,"(1, 10)",0.267795899919,"(2, 11)",0.346486914414,"(1, 9)",0.283182307965,"(2, 9)",0.368779294398,HE
3,18,1,15,"T(18, 3, 1)",0.40925464358,"(1, 3)",1.0,"(1, 4)",0.99999999999999856,"[(1, 3), (1, 4)]",1.0,"(1, 4)",0.629661422484,"(1, 5)",0.749173336224,"(1, 3)",1.0,Grafo nao suportado,Grafo nao suportado,NA
3,18,2,14,"T(18, 3, 2)",0.305134284916,"(1, 4)",0.507033487675,"(2, 4)",0.99999999999999933,"[(1, 4), (2, 4)]",1.0,"(1, 5)",0.437279714965,"(2, 6)",0.599578078486,"(1, 4)",0.507033487675,"(2, 4)",1.0,HE
3,18,3,13,"T(18, 3, 3)",0.253544730257,"(1, 5)",0.398221375778,"(2, 5)",0.57695721385514287,"[(1, 5), (2, 5)]",0.576957213855,"(1, 6)",0.355539651217,"(2, 7)",0.47148553886,"(1, 5)",0.398221375778,"(2, 5)",0.576957213855,HE
3,18,4,12,"T(18, 3, 4)",0.223373782469,"(1, 6)",0.341219261605,"(2, 6)",0.47128028070062949,"[(1, 6), (2, 6)]",0.471280280701,"(1, 7)",0.310044582117,"(2, 8)",0.405572531455,"(1, 6)",0.341219261605,"(2, 6)",0.471280280701,HE
3,18,5,11,"T(18, 3, 5)",0.20466502723,"(1, 7)",0.30709868078,"(2, 7)",0.41389810489867201,"[(1, 7), (2, 7)]",0.413898104899,"(1, 8)",0.282492474292,"(2, 9)",0.366938421862,"(1, 7)",0.30709868078,"(2, 7)",0.413898104899,HE
3,18,6,10,"T(18, 3, 6)",0.19318784316,"(1, 8)",0.285991017978,"(2, 8)",0.37923131971528307,"[(1, 8), (2, 8)]",0.379231319715,"(1, 9)",0.265805489175,"(2, 10)",0.343927139408,"(1, 8)",0.285991017978,"(2, 8)",0.379231319715,HE
3,18,7,9,"T(18, 3, 7)",0.186922708836,"(1, 9)",0.273567042888,"(2, 9)",0.35820002649041094,"[(1, 9), (2, 9)]",0.35820002649,"(1, 10)",0.256759731448,"(2, 11)",0.331562516037,"(1, 9)",0.273567042888,"(2, 9)",0.35820002649,HE
3,18,8,8,"T(18, 3, 8)",0.184927093633,"(1, 10)",0.267777350535,"(2, 10)",0.34677706703878375,"[(1, 10), (2, 10)]",0.346777067039,"(1, 11)",0.253887367461,"(2, 12)",0.327651476439,"(1, 10)",0.267777350535,"(2, 10)",0.346777067039,HE
3,19,1,16,"T(19, 3, 1)",0.407682736047,"(1, 3)",1.0,"(1, 4)",0.99999999999999922,"[(1, 3), (1, 4)]",1.0,"(1, 4)",0.627091325029,"(1, 5)",0.746111133821,"(1, 3)",1.0,Grafo nao suportado,Grafo nao suportado,NA
3,19,2,15,"T(19, 3, 2)",0.302879241322,"(1, 4)",0.504726933058,"(2, 4)",0.99999999999999889,"[(1, 4), (2, 4)]",1.0,"(1, 5)",0.433878061239,"(2, 6)",0.594499622507,"(1, 4)",0.504726933058,"(2, 4)",1.0,HE
3,19,3,14,"T(19, 3, 3)",0.250663255991,"(1, 5)",0.394885111587,"(2, 5)",0.57395387423522148,"[(1, 5), (2, 5)]",0.573953874235,"(1, 6)",0.351316353224,"(2, 7)",0.465544091774,"(1, 5)",0.394885111587,"(2, 5)",0.573953874235,HE
3,19,4,13,"T(19, 3, 4)",0.219826050305,"(1, 6)",0.336917959099,"(2, 6)",0.46688087072989631,"[(1, 6), (2, 6)]",0.46688087073,"(1, 7)",0.304920450216,"(2, 8)",0.398532422376,"(1, 6)",0.336917959099,"(2, 6)",0.46688087073,HE
3,19,5,12,"T(19, 3, 5)",0.200352761668,"(1, 7)",0.301755704134,"(2, 7)",0.40816650340073329,"[(1, 7), (2, 7)]",0.408166503401,"(1, 8)",0.276315155997,"(2, 9)",0.358553154549,"(1, 7)",0.301755704134,"(2, 7)",0.408166503401,HE
3,19,6,11,"T(19, 3, 6)",0.187954524964,"(1, 8)",0.27943864669,"(2, 8)",0.3720423514341204,"[(1, 8), (2, 8)]",0.372042351434,"(1, 9)",0.258342613226,"(2, 10)",0.333861433204,"(1, 8)",0.27943864669,"(2, 8)",0.372042351434,HE
3,19,7,10,"T(19, 3, 7)",0.180537477007,"(1, 9)",0.265541295069,"(2, 9)",0.34929843507871572,"[(1, 9), (2, 9)]",0.349298435079,"(1, 10)",0.247672036265,"(2, 11)",0.319340184596,"(1, 9)",0.265541295069,"(2, 9)",0.349298435079,HE
3,19,8,9,"T(19, 3, 8)",0.17705174438,"(1, 10)",0.257886159414,"(2, 10)",0.3357622560448088,"[(1, 10), (2, 10)]",0.335762256045,"(1, 11)",0.242677138511,"(2, 12)",0.312575949432,"(1, 10)",0.257886159414,"(2, 10)",0.335762256045,HE
3,20,1,17,"T(20, 3, 1)",0.4062823061,"(1, 3)",1.0,"(1, 4)",0.99999999999999856,"[(1, 3), (1, 4)]",1.0,"(1, 4)",0.624806337375,"(1, 5)",0.743390781037,"(1, 3)",1.0,Grafo nao suportado,Grafo nao suportado,NA
3,20,2,16,"T(20, 3, 2)",0.300882577576,"(1, 4)",0.502677913947,"(2, 4)",0.99999999999999789,"[(1, 4), (2, 4)]",1.0,"(1, 5)",0.430871753374,"(2, 6)",0.59002492347,"(1, 4)",0.502677913947,"(2, 4)",1.0,HE
3,20,3,15,"T(20, 3, 3)",0.248130663514,"(1, 5)",0.391940808007,"(2, 5)",0.57129379358394605,"[(1, 5), (2, 5)]",0.571293793584,"(1, 6)",0.347611671793,"(2, 7)",0.460346286311,"(1, 5)",0.391940808007,"(2, 5)",0.571293793584,HE
3,20,4,14,"T(20, 3, 4)",0.216734468087,"(1, 6)",0.333151611548,"(2, 6)",0.46301183560770581,"[(1, 6), (2, 6)]",0.463011835608,"(1, 7)",0.300464882568,"(2, 8)",0.392428038066,"(1, 6)",0.333151611548,"(2, 6)",0.463011835608,HE
3,20,5,13,"T(20, 3, 5)",0.19663216978,"(1, 7)",0.297119837726,"(2, 7)",0.40316813949094155,"[(1, 7), (2, 7)]",0.403168139491,"(1, 8)",0.270998742313,"(2, 9)",0.351358976488,"(1, 7)",0.297119837726,"(2, 7)",0.403168139491,HE
3,20,6,12,"T(20, 3, 6)",0.183491532118,"(1, 8)",0.273813948712,"(2, 8)",0.36583468005552916,"[(1, 8), (2, 8)]",0.365834680056,"(1, 9)",0.251997000028,"(2, 10)",0.32533346798,"(1, 8)",0.273813948712,"(2, 8)",0.365834680056,HE
3,20,7,11,"T(20, 3, 7)",0.175166599408,"(1, 9)",0.258738236422,"(2, 9)",0.34170089766468043,"[(1, 9), (2, 9)]",0.341700897665,"(1, 10)",0.24005521,"(2, 11)",0.309140172185,"(1, 9)",0.258738236422,"(2, 9)",0.341700897665,HE
3,20,8,10,"T(20, 3, 8)",0.170535999847,"(1, 10)",0.249627386189,"(2, 10)",0.32649069078233478,"[(1, 10), (2, 10)]",0.326490690782,"(1, 11)",0.233443191464,"(2, 12)",0.300224231984,"(1, 10)",0.249627386189,"(2, 10)",0.326490690782,HE
3,20,9,9,"T(20, 3, 9)",0.169048105155,"(1, 11)",0.245321211922,"(2, 11)",0.31805081224078074,"[(1, 11), (2, 11)]",0.318050812241,"(1, 12)",0.231323089197,"(2, 13)",0.297372646063,"(1, 11)",0.245321211922,"(2, 11)",0.318050812241,HE
4,5,1,1,"T(5, 4, 1)",0.38196601125,"(1, 5)",1.38196601125,"(1, 3)",1.3819660112501051,"[(1, 4), (2, 5)]",2.0,"(1, 5)",1.38196601125,"(1, 3)",1.38196601125,"(1, 4)",0.829913513374,"(2, 4)",1.0,HP
4,6,1,2,"T(6, 4, 1)",0.324869129433,"(1, 4)",0.7639320225,"(2, 4)",0.99999999999999967,"[(1, 5), (1, 6)]",1.267949192431,"(1, 5)",0.697224362268,"(1, 6)",1.267949192431,"(1, 4)",0.7639320225,"(2, 4)",1.0,HP
4,7,1,3,"T(7, 4, 1)",0.295532185741,"(1, 4)",0.726927136932,"(2, 4)",1.0,"[(1, 4), (2, 4)]",1.0,"(1, 5)",0.608617619369,"(1, 6)",0.821419867769,"(1, 4)",0.726927136932,"(2, 4)",1.0,HE
4,7,2,2,"T(7, 4, 2)",0.267949192431,"(3, 5)",0.550510257217,"(1, 6)",0.73819775474002836,"[(1, 6), (2, 7)]",1.0,"(1, 6)",0.518805695908,"(2, 7)",1.0,"(1, 5)",0.513960597103,"(2, 5)",0.86736250642,HP
4,8,1,4,"T(8, 4, 1)",0.277406895678,"(1, 4)",0.702929455637,"(2, 4)",0.99999999999999944,"[(1, 4), (2, 4)]",1.0,"(1, 5)",0.560688328316,"(1, 6)",0.743751621156,"(1, 4)",0.702929455637,"(2, 4)",1.0,HE
4,8,2,3,"T(8, 4, 2)",0.238442818168,"(3, 5)",0.506942505128,"(1, 6)",0.67142821482012205,"[(1, 5), (2, 5)]",0.837722339832,"(1, 6)",0.448395736466,"(2, 7)",0.7639320225,"(1, 5)",0.474572439156,"(2, 5)",0.837722339832,HE
4,9,1,5,"T(9, 4, 1)",0.265034019537,"(1, 4)",0.686017054597,"(2, 4)",0.99999999999999956,"[(1, 4), (2, 4)]",1.0,"(1, 5)",0.530010046873,"(1, 6)",0.697224362268,"(1, 4)",0.686017054597,"(2, 4)",1.0,HE
4,9,2,4,"T(9, 4, 2)",0.220128855554,"(3, 5)",0.479073317752,"(1, 5)",0.64651968292800022,"[(1, 5), (2, 5)]",0.817042865588,"(1, 6)",0.408277674508,"(2, 7)",0.671127818029,"(1, 5)",0.44917472971,"(2, 5)",0.817042865588,HE
4,9,3,3,"T(9, 4, 3)",0.208712152522,"(4, 6)",0.458618734851,"(1, 7)",0.59877769517314183,"[(1, 7), (2, 8)]",0.608617619369,"(1, 7)",0.38196601125,"(2, 8)",0.608617619369,"(1, 6)",0.396968141807,"(2, 6)",0.587227124877,HP
4,10,1,6,"T(10, 4, 1)",0.256029277275,"(1, 4)",0.673423486687,"(2, 4)",0.99999999999999878,"[(1, 4), (2, 4)]",1.0,"(1, 5)",0.508521301748,"(1, 6)",0.665705557641,"(1, 4)",0.673423486687,"(2, 4)",1.0,HE
4,10,2,5,"T(10, 4, 2)",0.207590566702,"(3, 5)",0.459554092466,"(1, 5)",0.63025617419522895,"[(1, 5), (2, 5)]",0.801745470058,"(1, 6)",0.38196601125,"(2, 7)",0.616815328392,"(1, 5)",0.431303011563,"(2, 5)",0.801745470058,HE
4,10,3,4,"T(10, 4, 3)",0.190214079873,"(4, 6)",0.427590535189,"(1, 6)",0.555713642154117,"[(1, 6), (2, 6)]",0.560066896118,"(1, 7)",0.343606181245,"(2, 8)",0.53437233851,"(1, 6)",0.370186728308,"(2, 6)",0.560066896118,HE
4,11,1,7,"T(11, 4, 1)",0.249173811964,"(1, 4)",0.66366803913,"(2, 4)",0.99999999999999933,"[(1, 4), (2, 4)]",1.0,"(1, 5)",0.492571926019,"(1, 6)",0.642781595381,"(1, 4)",0.66366803913,"(2, 4)",1.0,HE
4,11,2,6,"T(11, 4, 2)",0.198446682232,"(3, 5)",0.445066101846,"(1, 5)",0.61797655234979609,"[(1, 5), (2, 5)]",0.789950630232,"(1, 6)",0.363266848451,"(2, 7)",0.580399229828,"(1, 5)",0.417996754618,"(2, 5)",0.789950630232,HE
4,11,3,5,"T(11, 4, 3)",0.177529956684,"(4, 6)",0.405796276623,"(1, 6)",0.53506155324559901,"[(1, 6), (2, 6)]",0.540406677945,"(1, 7)",0.318275563904,"(2, 8)",0.48874793961,"(1, 6)",0.351320556544,"(2, 6)",0.540406677945,HE
4,11,4,4,"T(11, 4, 4)",0.171572875254,"(5, 7)",0.394448724536,"(1, 8)",0.50749451779828214,"[(1, 8), (5, 7)]",0.507494517798,"(1, 8)",0.306005182944,"(2, 9)",0.465929803277,"(1, 7)",0.326629179678,"(2, 7)",0.475838155635,HE
4,12,1,8,"T(12, 4, 1)",0.243776393618,"(1, 4)",0.655881922663,"(2, 4)",0.999999999999999,"[(1, 4), (2, 4)]",1.0,"(1, 5)",0.48023989471,"(1, 6)",0.625297107062,"(1, 4)",0.655881922663,"(2, 4)",1.0,HE
4,12,2,7,"T(12, 4, 2)",0.191474619369,"(3, 5)",0.433863344359,"(1, 5)",0.60835443238205866,"[(1, 5), (2, 5)]",0.780569405272,"(1, 6)",0.349252492703,"(2, 7)",0.554061477796,"(1, 5)",0.407685077624,"(2, 5)",0.780569405272,HE
4,12,3,6,"T(12, 4, 3)",0.168269510282,"(4, 6)",0.389583039803,"(1, 6)",0.51942598669490236,"[(1, 6), (2, 6)]",0.525451749974,"(1, 7)",0.300197042848,"(2, 8)",0.457420164579,"(1, 6)",0.337260993472,"(2, 6)",0.525451749974,HE
4,12,4,5,"T(12, 4, 4)",0.15877792995,"(5, 7)",0.37112433071,"(1, 7)",0.48033694261491544,"[(1, 7), (5, 7)]",0.480336942615,"(1, 8)",0.281086699891,"(2, 9)",0.423210081549,"(1, 7)",0.3071533875,"(2, 7)",0.454196945688,HE
4,13,1,9,"T(13, 4, 1)",0.239414688449,"(1, 4)",0.649520086521,"(2, 4)",0.99999999999999956,"[(1, 4), (2, 4)]",1.0,"(1, 5)",0.470408278894,"(1, 6)",0.611493842332,"(1, 4)",0.649520086521,"(2, 4)",1.0,HE
4,13,2,8,"T(13, 4, 2)",0.185978868526,"(3, 5)",0.424931479376,"(1, 5)",0.60060068252057031,"[(1, 5), (2, 5)]",0.772924778245,"(1, 6)",0.338340480775,"(2, 7)",0.534041995239,"(1, 5)",0.399450090937,"(2, 5)",0.772924778245,HE
4,13,3,7,"T(13, 4, 3)",0.161202736434,"(4, 6)",0.377023320568,"(1, 6)",0.50714611751341254,"[(1, 6), (2, 6)]",0.513665328296,"(1, 7)",0.286608062492,"(2, 8)",0.434434794838,"(1, 6)",0.326357153848,"(2, 6)",0.513665328296,HE
4,13,4,6,"T(13, 4, 4)",0.149430007267,"(5, 7)",0.353746117126,"(1, 7)",0.46269134252302085,"[(1, 7), (5, 7)]",0.462691342523,"(1, 8)",0.263262113649,"(2, 9)",0.3936333405,"(1, 7)",0.292628384182,"(2, 7)",0.437746686909,HE
4,13,5,5,"T(13, 4, 5)",0.14589803375,"(6, 8)",0.346688068541,"(1, 8)",0.44380978829854845,"[(1, 8), (6, 8)]",0.443809788299,"(1, 9)",0.256385565821,"(2, 10)",0.38196601125,"(1, 8)",0.278543784744,"(2, 8)",0.404270546542,HE
4,14,1,10,"T(14, 4, 1)",0.235815661379,"(1, 4)",0.64422258355,"(2, 4)",0.99999999999999989,"[(1, 4), (2, 4)]",1.0,"(1, 5)",0.462380602089,"(1, 6)",0.600306267813,"(1, 4)",0.64422258355,"(2, 4)",1.0,HE
4,14,2,9,"T(14, 4, 2)",0.181533466796,"(3, 5)",0.417638050434,"(1, 5)",0.59421368919550932,"[(1, 5), (2, 5)]",0.766572679215,"(1, 6)",0.329594705861,"(2, 7)",0.518273144387,"(1, 5)",0.392717079304,"(2, 5)",0.766572679215,HE
4,14,3,8,"T(14, 4, 3)",0.155628741745,"(4, 6)",0.366994459108,"(1, 6)",0.49723136948024083,"[(1, 6), (2, 6)]",0.504123232319,"(1, 7)",0.276004389271,"(2, 8)",0.416793429319,"(1, 6)",0.317643582177,"(2, 6)",0.504123232319,HE
4,14,4,7,"T(14, 4, 4)",0.142292714674,"(5, 7)",0.340267228004,"(1, 7)",0.44881297249389851,"[(1, 7), (5, 7)]",0.448812972494,"(1, 8)",0.249842892645,"(2, 9)",0.371819352374,"(1, 7)",0.281356630377,"(2, 7)",0.424786977255,HE
4,14,5,6,"T(14, 4, 5)",0.136483430797,"(6, 8)",0.32846093102,"(1, 8)",0.42478044959170647,"[(1, 8), (6, 8)]",0.424780449592,"(1, 9)",0.238691003482,"(2, 10)",0.353282755841,"(1, 8)",0.263698186634,"(2, 8)",0.38693436644,HE
4,15,1,11,"T(15, 4, 1)",0.232794772681,"(1, 4)",0.639741828184,"(2, 4)",0.99999999999999867,"[(1, 4), (2, 4)]",1.0,"(1, 5)",0.455698772813,"(1, 6)",0.591047871968,"(1, 4)",0.639741828184,"(2, 4)",1.0,HE
4,15,2,10,"T(15, 4, 2)",0.177862511598,"(3, 5)",0.411567070148,"(1, 5)",0.58885821741337074,"[(1, 5), (2, 5)]",0.76120927072,"(1, 6)",0.322423836632,"(2, 7)",0.505512530567,"(1, 5)",0.387106834149,"(2, 5)",0.76120927072,HE
4,15,3,9,"T(15, 4, 3)",0.151117718566,"(4, 6)",0.358794901739,"(1, 6)",0.48905058510337668,"[(1, 6), (2, 6)]",0.496232925237,"(1, 7)",0.267491597881,"(2, 8)",0.402800067728,"(1, 6)",0.310515298018,"(2, 6)",0.496232925237,HE
4,15,4,8,"T(15, 4, 4)",0.136660777667,"(5, 7)",0.329493394902,"(1, 7)",0.43759397543487893,"[(1, 7), (5, 7)]",0.437593975435,"(1, 8)",0.239359444472,"(2, 9)",0.35501637847,"(1, 7)",0.272344478335,"(2, 7)",0.414297454923,HE
4,15,5,7,"T(15, 4, 5)",0.12929257575,"(6, 8)",0.314310742322,"(1, 8)",0.40979857354547733,"[(1, 8), (6, 8)]",0.409798573545,"(1, 9)",0.225356219035,"(2, 10)",0.33206695234,"(1, 8)",0.252172317929,"(2, 8)",0.373274783519,HE
4,15,6,6,"T(15, 4, 6)",0.127016653793,"(7, 9)",0.309584240177,"(1, 9)",0.3973710933557803,"[(1, 9), (7, 9)]",0.397371093356,"(1, 10)",0.221071837644,"(2, 11)",0.325140204194,"(1, 9)",0.243261120677,"(2, 9)",0.352917208951,HE
4,16,1,12,"T(16, 4, 1)",0.230222723484,"(1, 4)",0.63590177377,"(2, 4)",0.99999999999999967,"[(1, 4), (2, 4)]",1.0,"(1, 5)",0.450048575004,"(1, 6)",0.583255052927,"(1, 4)",0.63590177377,"(2, 4)",1.0,HE
4,16,2,11,"T(16, 4, 2)",0.174779237366,"(3, 5)",0.406433190096,"(1, 5)",0.58430119915308731,"[(1, 5), (2, 5)]",0.756619420516,"(1, 6)",0.316435075573,"(2, 7)",0.49496435614,"(1, 5)",0.382358588606,"(2, 5)",0.756619420516,HE
4,16,3,10,"T(16, 4, 3)",0.147390991255,"(4, 6)",0.351962318977,"(1, 6)",0.48218102519202094,"[(1, 6), (2, 6)]",0.489595587816,"(1, 7)",0.260502516424,"(2, 8)",0.391415855433,"(1, 6)",0.304572829364,"(2, 6)",0.489595587816,HE
4,16,4,9,"T(16, 4, 4)",0.132101351562,"(5, 7)",0.320677182451,"(1, 7)",0.42832738228791706,"[(1, 7), (5, 7)]",0.428327382288,"(1, 8)",0.230935554051,"(2, 9)",0.341652416498,"(1, 7)",0.264968799909,"(2, 7)",0.405624870399,HE
4,16,5,8,"T(16, 4, 5)",0.123616737223,"(6, 8)",0.302991845755,"(1, 8)",0.39767712066687305,"[(1, 8), (6, 8)]",0.397677120667,"(1, 9)",0.214930898952,"(2, 10)",0.315691812358,"(1, 8)",0.242953511717,"(2, 8)",0.362217081107,HE
4,16,6,7,"T(16, 4, 6)",0.119783973236,"(7, 9)",0.294919538354,"(1, 9)",0.38157101661945309,"[(1, 9), (7, 9)]",0.381571016619,"(1, 10)",0.207784451102,"(2, 11)",0.304285647925,"(1, 9)",0.231547958291,"(2, 9)",0.338779418504,HE
4,17,1,13,"T(17, 4, 1)",0.228006180355,"(1, 4)",0.632573735271,"(2, 4)",0.99999999999999512,"[(1, 4), (2, 4)]",1.0,"(1, 5)",0.445207024718,"(1, 6)",0.576602805653,"(1, 4)",0.632573735271,"(2, 4)",1.0,HE
4,17,2,12,"T(17, 4, 2)",0.172152617588,"(3, 5)",0.402033900766,"(1, 5)",0.58037531686666877,"[(1, 5), (2, 5)]",0.752646416874,"(1, 6)",0.311356882003,"(2, 7)",0.486093467658,"(1, 5)",0.37828690794,"(2, 5)",0.752646416874,HE
4,17,3,11,"T(17, 4, 3)",0.144259760386,"(4, 6)",0.346179035331,"(1, 6)",0.4763281925370883,"[(1, 6), (2, 6)]",0.483932286734,"(1, 7)",0.254659271902,"(2, 8)",0.38196601125,"(1, 6)",0.299541290478,"(2, 6)",0.483932286734,HE
4,17,4,10,"T(17, 4, 4)",0.128333610056,"(5, 7)",0.313325374418,"(1, 7)",0.4205390109654833,"[(1, 7), (5, 7)]",0.420539010965,"(1, 8)",0.224014459092,"(2, 9)",0.330757856861,"(1, 7)",0.258817866514,"(2, 7)",0.398329984187,HE
4,17,5,9,"T(17, 4, 5)",0.119020703514,"(6, 8)",0.293723774923,"(1, 8)",0.38765775245238615,"[(1, 8), (6, 8)]",0.387657752452,"(1, 9)",0.206548822204,"(2, 10)",0.30264859258,"(1, 8)",0.235406328132,"(2, 8)",0.353073322974,HE
4,17,6,8,"T(17, 4, 6)",0.114073900979,"(7, 9)",0.283182307965,"(1, 9)",0.36877929439838464,"[(1, 9), (7, 9)]",0.368779294398,"(1, 10)",0.197390681048,"(2, 11)",0.288168210937,"(1, 9)",0.222176643457,"(2, 9)",0.327332345832,HE
4,17,7,7,"T(17, 4, 7)",0.112517806304,"(8, 10)",0.279846745545,"(1, 10)",0.36008961012796087,"[(1, 10), (8, 10)]",0.360089610128,"(1, 11)",0.194525805558,"(2, 12)",0.283671748657,"(1, 10)",0.216140691578,"(2, 10)",0.313816949068,HE
4,18,1,14,"T(18, 4, 1)",0.226076059518,"(1, 4)",0.629661422484,"(2, 4)",0.99999999999999933,"[(1, 4), (2, 4)]",1.0,"(1, 5)",0.44101135952,"(1, 6)",0.570856212156,"(1, 4)",0.629661422484,"(2, 4)",1.0,HE
4,18,2,13,"T(18, 4, 2)",0.16988796889,"(3, 5)",0.398221375778,"(1, 5)",0.57695721385514298,"[(1, 5), (2, 5)]",0.749173336224,"(1, 6)",0.306995332933,"(2, 7)",0.478525867329,"(1, 5)",0.374756207032,"(2, 5)",0.749173336224,HE
4,18,3,12,"T(18, 4, 3)",0.141591480739,"(4, 6)",0.341219261605,"(1, 6)",0.47128028070062961,"[(1, 6), (2, 6)]",0.479041754611,"(1, 7)",0.249700016772,"(2, 8)",0.373991913095,"(1, 6)",0.295225087162,"(2, 6)",0.479041754611,HE
4,18,4,11,"T(18, 4, 4)",0.125167195841,"(5, 7)",0.30709868078,"(1, 7)",0.4138981048986719,"[(1, 7), (5, 7)]",0.413898104899,"(1, 8)",0.218224628558,"(2, 9)",0.321699644154,"(1, 7)",0.253608194592,"(2, 7)",0.392105812175,HE
4,18,5,10,"T(18, 4, 5)",0.115221985219,"(6, 8)",0.285991017978,"(1, 8)",0.37923131971528251,"[(1, 8), (6, 8)]",0.379231319715,"(1, 9)",0.199658857802,"(2, 10)",0.292003144489,"(1, 8)",0.229110688223,"(2, 8)",0.345380970693,HE
4,18,6,9,"T(18, 4, 6)",0.109449350332,"(7, 9)",0.273567042888,"(1, 9)",0.35820002649041133,"[(1, 9), (7, 9)]",0.35820002649,"(1, 10)",0.189030522653,"(2, 11)",0.275317665279,"(1, 9)",0.214502762641,"(2, 9)",0.317864925363,HE
4,18,7,8,"T(18, 4, 7)",0.106780350206,"(8, 10)",0.267777350535,"(1, 10)",0.34677706703878375,"[(1, 10), (8, 10)]",0.346777067039,"(1, 11)",0.18415041437,"(2, 12)",0.267725464768,"(1, 10)",0.206651794365,"(2, 10)",0.302082975999,HE
4,19,1,15,"T(19, 4, 1)",0.224380118312,"(1, 4)",0.627091325029,"(2, 4)",0.99999999999999778,"[(1, 4), (2, 4)]",1.0,"(1, 5)",0.437339917875,"(1, 6)",0.565841080682,"(1, 4)",0.627091325029,"(2, 4)",1.0,HE
4,19,2,14,"T(19, 4, 2)",0.167915142879,"(3, 5)",0.394885111587,"(1, 5)",0.57395387423522148,"[(1, 5), (2, 5)]",0.746111133821,"(1, 6)",0.303208134387,"(2, 7)",0.47199186802,"(1, 5)",0.371664993341,"(2, 5)",0.746111133821,HE
4,19,3,13,"T(19, 4, 3)",0.139290315126,"(4, 6)",0.336917959099,"(1, 6)",0.46688087072989581,"[(1, 6), (2, 6)]",0.474774948477,"(1, 7)",0.245437383748,"(2, 8)",0.367170353576,"(1, 6)",0.291481126642,"(2, 6)",0.474774948477,HE
4,19,4,12,"T(19, 4, 4)",0.122468410784,"(5, 7)",0.301755704134,"(1, 7)",0.40816650340073302,"[(1, 7), (5, 7)]",0.408166503401,"(1, 8)",0.21330827799,"(2, 9)",0.314045798478,"(1, 7)",0.249137969841,"(2, 7)",0.386730959916,HE
4,19,5,11,"T(19, 4, 5)",0.11202902682,"(6, 8)",0.27943864669,"(1, 8)",0.37204235143412062,"[(1, 8), (6, 8)]",0.372042351434,"(1, 9)",0.193892855872,"(2, 10)",0.283143822876,"(1, 8)",0.223777231329,"(2, 8)",0.338816751764,HE
4,19,6,10,"T(19, 4, 6)",0.10562652018,"(7, 9)",0.265541295069,"(1, 9)",0.34929843507871577,"[(1, 9), (7, 9)]",0.349298435079,"(1, 10)",0.182156299218,"(2, 11)",0.264821463589,"(1, 9)",0.208100134867,"(2, 9)",0.309899004734,HE
4,19,7,9,"T(19, 4, 7)",0.102133003449,"(8, 10)",0.257886159414,"(1, 10)",0.33576225604480897,"[(1, 10), (8, 10)]",0.335762256045,"(1, 11)",0.175802464583,"(2, 12)",0.255002498922,"(1, 10)",0.198880162798,"(2, 10)",0.292376697127,HE
4,19,8,8,"T(19, 4, 8)",0.101020514434,"(9, 11)",0.255437353462,"(1, 11)",0.32941536270009636,"[(1, 11), (9, 11)]",0.3294153627,"(1, 12)",0.173786220104,"(2, 13)",0.251900526183,"(1, 11)",0.194585973633,"(2, 11)",0.282868105114,HE
4,20,1,16,"T(20, 4, 1)",0.22287811038,"(1, 4)",0.624806337375,"(2, 4)",0.99999999999999889,"[(1, 4), (2, 4)]",1.0,"(1, 5)",0.434099892486,"(1, 6)",0.561425419484,"(1, 4)",0.624806337375,"(2, 4)",1.0,HE
4,20,2,15,"T(20, 4, 2)",0.166181048814,"(3, 5)",0.391940808007,"(1, 5)",0.57129379358394416,"[(1, 5), (2, 5)]",0.743390781037,"(1, 6)",0.299888453873,"(2, 7)",0.466291868867,"(1, 5)",0.368935750399,"(2, 5)",0.743390781037,HE
4,20,3,14,"T(20, 4, 3)",0.137285224401,"(4, 6)",0.333151611548,"(1, 6)",0.46301183560770576,"[(1, 6), (2, 6)]",0.471019049075,"(1, 7)",0.241733663615,"(2, 8)",0.361266687136,"(1, 6)",0.288202242482,"(2, 6)",0.471019049075,HE
4,20,4,13,"T(20, 4, 4)",0.120140547691,"(5, 7)",0.297119837726,"(1, 7)",0.40316813949094155,"[(1, 7), (5, 7)]",0.403168139491,"(1, 8)",0.209080751664,"(2, 9)",0.307490919127,"(1, 7)",0.245259482691,"(2, 7)",0.382041540633,HE
4,20,5,12,"T(20, 4, 5)",0.109307246938,"(6, 8)",0.273813948712,"(1, 8)",0.36583468005553016,"[(1, 8), (6, 8)]",0.365834680056,"(1, 9)",0.1889951667,"(2, 10)",0.275652329962,"(1, 8)",0.219199879987,"(2, 8)",0.333147511743,HE
4,20,6,11,"T(20, 4, 6)",0.102412912801,"(7, 9)",0.258738236422,"(1, 9)",0.34170089766468076,"[(1, 9), (7, 9)]",0.341700897665,"(1, 10)",0.176401905202,"(2, 11)",0.256080997211,"(1, 9)",0.202675096069,"(2, 9)",0.303100350415,HE
4,20,7,10,"T(20, 4, 7)",0.098290908083,"(8, 10)",0.249627386189,"(1, 10)",0.32649069078233517,"[(1, 10), (8, 10)]",0.326490690782,"(1, 11)",0.168936578358,"(2, 12)",0.24460483805,"(1, 10)",0.192394943418,"(2, 10)",0.284208625296,HE
4,20,8,9,"T(20, 4, 8)",0.096354545704,"(9, 11)",0.245321211922,"(1, 11)",0.31805081224078047,"[(1, 11), (9, 11)]",0.318050812241,"(1, 12)",0.165445277996,"(2, 13)",0.239267742077,"(1, 11)",0.186736483424,"(2, 11)",0.272977186479,HE
